route,city,template,status,editorial_judgment,current_images,current_video_embeds,current_documents,acquisition_gaps
"/","london","index / editorial utility","partial — installed media present; uniqueness/relevance review required","editorial typography with a route-specific documentary or evidence anchor","/assets/media/london-fashion-week.jpg","","",""
"/cities","london","index / editorial utility","partial — installed media present; uniqueness/relevance review required","editorial typography with a route-specific documentary or evidence anchor","/assets/media/london-fashion-week.jpg | /assets/media/nyc-fashion-week.jpg | /assets/media/milan-fashion-week.jpg | /assets/media/paris-fashion-week.jpg | /assets/media/shanghai-fashion-week.jpg | /assets/media/copenhagen-fashion-week.jpg | /assets/media/tokyo-fashion-week.jpg","","",""
"/comparison","london","index / editorial utility","partial — installed media present; uniqueness/relevance review required","editorial typography with a route-specific documentary or evidence anchor","/assets/evidence/seven-city-comparison.svg","","",""
"/chronology","london","index / editorial utility","partial — installed media present; uniqueness/relevance review required","editorial typography with a route-specific documentary or evidence anchor","/assets/evidence/chronology-state-map.svg","","",""
"/search","london","index / editorial utility","gap","editorial typography with a route-specific documentary or evidence anchor","","","https://www.britishfashioncouncil.co.uk/uploads/files/1/LFW%20Web%20Development%20ITT%20July%202021%20v2.pdf","no installed image or video"
"/systems","london","index / editorial utility","partial — installed media present; uniqueness/relevance review required","editorial typography with a route-specific documentary or evidence anchor","/assets/evidence/seven-system-relay.svg","","",""
"/objects","london","object desk","partial — installed media present; uniqueness/relevance review required","documentary object image/video/document preview","/assets/media/london-fashion-week.jpg | /assets/media/nyc-fashion-week.jpg | /assets/media/milan-fashion-week.jpg | /assets/media/paris-fashion-week.jpg | /assets/media/shanghai-fashion-week.jpg | /assets/media/copenhagen-fashion-week.jpg | /assets/media/tokyo-fashion-week.jpg","https://www.youtube-nocookie.com/embed/S5dwtat6Wp8 | https://www.youtube-nocookie.com/embed/V0yz5_ZB8AE | https://www.youtube-nocookie.com/embed/PH3vHLeAyjs | https://www.youtube-nocookie.com/embed/vRJbrfgrAUs","https://www.britishfashioncouncil.co.uk/uploads/files/1/LFW%20Web%20Development%20ITT%20July%202021%20v2.pdf",""
"/field-notes","london","index / editorial utility","gap","editorial typography with a route-specific documentary or evidence anchor","","","","no installed image or video"
"/watch","london","index / editorial utility","gap","editorial typography with a route-specific documentary or evidence anchor","","","","no installed image or video"
"/sources","london","source desk","intentional typography/document-led candidate; source-specific preview still required","source-specific document preview or evidence typography; avoid decorative photography","","","https://www.britishfashioncouncil.co.uk/uploads/files/1/LFW%20Web%20Development%20ITT%20July%202021%20v2.pdf | https://www.britishfashioncouncil.co.uk/uploads/files/1/LFW-September-Handbook-2020.pdf | /data/claims.json | /data/sources.json","no installed image or video"
"/rights","london","index / editorial utility","gap","source-specific document preview or evidence typography; avoid decorative photography","","","","no installed image or video"
"/accessibility","london","index / editorial utility","gap","editorial typography with a route-specific documentary or evidence anchor","","","","no installed image or video"
"/about","london","index / editorial utility","gap","editorial typography with a route-specific documentary or evidence anchor","","","/data/search-trail.json","no installed image or video"
"/kits","london","production desk","gap","finished platform-output contact sheet + downloadable assets","","","/kits/day-1.json | /kits/day-1.md | /kits/day-2.json | /kits/day-2.md | /kits/day-3.json | /kits/day-3.md | /kits/day-4.json | /kits/day-4.md | /kits/day-5.json | /kits/day-5.md | /kits/day-6.json | /kits/day-6.md | /kits/day-7.json | /kits/day-7.md","no installed image or video | render finished carousel, Pinterest, thumbnail, and vertical-video visual files"
"/day/01-access","london","evidence day","gap","day-specific image or document; evidence graphic when it explains the system better","","","","no installed image or video | assign one literal image, authorized film, document preview, or purpose-built evidence graphic"
"/day/02-stage","london","evidence day","partial — installed media present; uniqueness/relevance review required","authorized video + evidence typography","","https://www.youtube-nocookie.com/embed/S5dwtat6Wp8","",""
"/day/03-capture","london","evidence day","partial — installed media present; uniqueness/relevance review required","authorized video + evidence typography","","https://www.youtube-nocookie.com/embed/V0yz5_ZB8AE","",""
"/day/04-circulation","london","evidence day","partial — installed media present; uniqueness/relevance review required","authorized video + evidence typography","","https://www.youtube-nocookie.com/embed/PH3vHLeAyjs","",""
"/day/05-backstage","london","evidence day","partial — installed media present; uniqueness/relevance review required","authorized video + evidence typography","","https://www.youtube-nocookie.com/embed/vRJbrfgrAUs","",""
"/day/06-commerce","london","evidence day","gap","day-specific image or document; evidence graphic when it explains the system better","","","https://www.britishfashioncouncil.co.uk/uploads/files/1/LFW%20Web%20Development%20ITT%20July%202021%20v2.pdf | https://www.britishfashioncouncil.co.uk/uploads/files/1/LFW%20Web%20Development%20ITT%20July%202021%20v2.pdf","no installed image or video | assign one literal image, authorized film, document preview, or purpose-built evidence graphic"
"/day/07-memory","london","evidence day","gap","day-specific image or document; evidence graphic when it explains the system better","","","","no installed image or video | assign one literal image, authorized film, document preview, or purpose-built evidence graphic"
"/new-york","new-york","index / editorial utility","partial — installed media present; uniqueness/relevance review required","editorial typography with a route-specific documentary or evidence anchor","/assets/media/nyc-fashion-week.jpg","","",""
"/new-york/days","new-york","index / editorial utility","gap","editorial typography with a route-specific documentary or evidence anchor","","","","no installed image or video"
"/new-york/objects","new-york","object desk","partial — installed media present; uniqueness/relevance review required","documentary object image/video/document preview","/assets/nyc/liz-claiborne-model.jpg","https://www.youtube-nocookie.com/embed/47VXPor-deI","",""
"/new-york/kits","new-york","production desk","gap","finished platform-output contact sheet + downloadable assets","","","/new-york/kits/day-1.json | /new-york/kits/day-1.md | /new-york/kits/day-2.json | /new-york/kits/day-2.md | /new-york/kits/day-3.json | /new-york/kits/day-3.md | /new-york/kits/day-4.json | /new-york/kits/day-4.md | /new-york/kits/day-5.json | /new-york/kits/day-5.md | /new-york/kits/day-6.json | /new-york/kits/day-6.md | /new-york/kits/day-7.json | /new-york/kits/day-7.md","no installed image or video | render finished carousel, Pinterest, thumbnail, and vertical-video visual files"
"/new-york/sources","new-york","source desk","intentional typography/document-led candidate; source-specific preview still required","source-specific document preview or evidence typography; avoid decorative photography","","","/new-york/data/claims.json | /new-york/data/sources.json","no installed image or video"
"/new-york/day/01-calendar","new-york","evidence day","gap","day-specific image or document; evidence graphic when it explains the system better","","","","no installed image or video | assign one literal image, authorized film, document preview, or purpose-built evidence graphic"
"/new-york/day/02-venue-network","new-york","evidence day","gap","day-specific image or document; evidence graphic when it explains the system better","","","","no installed image or video | assign one literal image, authorized film, document preview, or purpose-built evidence graphic"
"/new-york/day/03-capture","new-york","evidence day","partial — installed media present; uniqueness/relevance review required","day-specific image or document; evidence graphic when it explains the system better","/assets/nyc/liz-claiborne-model.jpg","","",""
"/new-york/day/04-broadcast","new-york","evidence day","partial — installed media present; uniqueness/relevance review required","authorized video + evidence typography","","https://www.youtube-nocookie.com/embed/47VXPor-deI","",""
"/new-york/day/05-worker-data","new-york","evidence day","gap","day-specific image or document; evidence graphic when it explains the system better","","","","no installed image or video | assign one literal image, authorized film, document preview, or purpose-built evidence graphic"
"/new-york/day/06-production-commerce","new-york","evidence day","gap","day-specific image or document; evidence graphic when it explains the system better","","","","no installed image or video | assign one literal image, authorized film, document preview, or purpose-built evidence graphic"
"/new-york/day/07-memory","new-york","evidence day","gap","day-specific image or document; evidence graphic when it explains the system better","","","","no installed image or video | assign one literal image, authorized film, document preview, or purpose-built evidence graphic"
"/milan","milan","index / editorial utility","partial — installed media present; uniqueness/relevance review required","editorial typography with a route-specific documentary or evidence anchor","/assets/media/milan-fashion-week.jpg","","",""
"/milan/days","milan","index / editorial utility","gap","editorial typography with a route-specific documentary or evidence anchor","","","","no installed image or video"
"/milan/objects","milan","object desk","partial — installed media present; uniqueness/relevance review required","documentary object image/video/document preview","","https://www.youtube-nocookie.com/embed/PKMQCwTfcaE","",""
"/milan/kits","milan","production desk","gap","finished platform-output contact sheet + downloadable assets","","","/milan/kits/day-1.json | /milan/kits/day-1.md | /milan/kits/day-2.json | /milan/kits/day-2.md | /milan/kits/day-3.json | /milan/kits/day-3.md | /milan/kits/day-4.json | /milan/kits/day-4.md | /milan/kits/day-5.json | /milan/kits/day-5.md | /milan/kits/day-6.json | /milan/kits/day-6.md | /milan/kits/day-7.json | /milan/kits/day-7.md","no installed image or video | render finished carousel, Pinterest, thumbnail, and vertical-video visual files"
"/milan/sources","milan","source desk","intentional typography/document-led candidate; source-specific preview still required","source-specific document preview or evidence typography; avoid decorative photography","","","https://www.cameramoda.it/media/pdf/manifesto_sostenibilita_en.pdf | /milan/data/claims.json | /milan/data/sources.json","no installed image or video"
"/milan/day/01-invitation-trademark","milan","evidence day","gap","day-specific image or document; evidence graphic when it explains the system better","","","","no installed image or video | assign one literal image, authorized film, document preview, or purpose-built evidence graphic"
"/milan/day/02-city-palazzo","milan","evidence day","gap","day-specific image or document; evidence graphic when it explains the system better","","","","no installed image or video | assign one literal image, authorized film, document preview, or purpose-built evidence graphic"
"/milan/day/03-craft-machine","milan","evidence day","gap","day-specific image or document; evidence graphic when it explains the system better","","","","no installed image or video | assign one literal image, authorized film, document preview, or purpose-built evidence graphic"
"/milan/day/04-digital-hub","milan","evidence day","partial — installed media present; uniqueness/relevance review required","authorized video + evidence typography","","https://www.youtube-nocookie.com/embed/PKMQCwTfcaE","",""
"/milan/day/05-showroom-order","milan","evidence day","gap","day-specific image or document; evidence graphic when it explains the system better","","","","no installed image or video | assign one literal image, authorized film, document preview, or purpose-built evidence graphic"
"/milan/day/06-traceability","milan","evidence day","gap","day-specific image or document; evidence graphic when it explains the system better","","","","no installed image or video | assign one literal image, authorized film, document preview, or purpose-built evidence graphic"
"/milan/day/07-archive-memory","milan","evidence day","gap","day-specific image or document; evidence graphic when it explains the system better","","","","no installed image or video | assign one literal image, authorized film, document preview, or purpose-built evidence graphic"
"/paris","paris","index / editorial utility","partial — installed media present; uniqueness/relevance review required","editorial typography with a route-specific documentary or evidence anchor","/assets/media/paris-fashion-week.jpg","","",""
"/paris/days","paris","index / editorial utility","gap","editorial typography with a route-specific documentary or evidence anchor","","","","no installed image or video"
"/paris/objects","paris","object desk","gap","documentary object image/video/document preview","","","","no installed image or video"
"/paris/kits","paris","production desk","gap","finished platform-output contact sheet + downloadable assets","","","/paris/kits/day-1.json | /paris/kits/day-1.md | /paris/kits/day-2.json | /paris/kits/day-2.md | /paris/kits/day-3.json | /paris/kits/day-3.md | /paris/kits/day-4.json | /paris/kits/day-4.md | /paris/kits/day-5.json | /paris/kits/day-5.md | /paris/kits/day-6.json | /paris/kits/day-6.md | /paris/kits/day-7.json | /paris/kits/day-7.md","no installed image or video | render finished carousel, Pinterest, thumbnail, and vertical-video visual files"
"/paris/sources","paris","source desk","intentional typography/document-led candidate; source-specific preview still required","source-specific document preview or evidence typography; avoid decorative photography","","","/paris/data/claims.json | /paris/data/sources.json","no installed image or video"
"/paris/day/01-calendar-code","paris","evidence day","gap","day-specific image or document; evidence graphic when it explains the system better","","","","no installed image or video | assign one literal image, authorized film, document preview, or purpose-built evidence graphic"
"/paris/day/02-monument-stage","paris","evidence day","gap","day-specific image or document; evidence graphic when it explains the system better","","","","no installed image or video | assign one literal image, authorized film, document preview, or purpose-built evidence graphic"
"/paris/day/03-official-image","paris","evidence day","gap","day-specific image or document; evidence graphic when it explains the system better","","","","no installed image or video | assign one literal image, authorized film, document preview, or purpose-built evidence graphic"
"/paris/day/04-online-week","paris","evidence day","gap","day-specific image or document; evidence graphic when it explains the system better","","","","no installed image or video | assign one literal image, authorized film, document preview, or purpose-built evidence graphic"
"/paris/day/05-showroom-network","paris","evidence day","gap","day-specific image or document; evidence graphic when it explains the system better","","","","no installed image or video | assign one literal image, authorized film, document preview, or purpose-built evidence graphic"
"/paris/day/06-product-passport","paris","evidence day","gap","day-specific image or document; evidence graphic when it explains the system better","","","","no installed image or video | assign one literal image, authorized film, document preview, or purpose-built evidence graphic"
"/paris/day/07-memory-infrastructure","paris","evidence day","gap","day-specific image or document; evidence graphic when it explains the system better","","","","no installed image or video | assign one literal image, authorized film, document preview, or purpose-built evidence graphic"
"/shanghai","shanghai","index / editorial utility","partial — installed media present; uniqueness/relevance review required","editorial typography with a route-specific documentary or evidence anchor","/assets/media/shanghai-fashion-week.jpg","","",""
"/shanghai/days","shanghai","index / editorial utility","gap","editorial typography with a route-specific documentary or evidence anchor","","","","no installed image or video"
"/shanghai/objects","shanghai","object desk","gap","documentary object image/video/document preview","","","","no installed image or video"
"/shanghai/kits","shanghai","production desk","gap","finished platform-output contact sheet + downloadable assets","","","/shanghai/kits/day-1.json | /shanghai/kits/day-1.md | /shanghai/kits/day-2.json | /shanghai/kits/day-2.md | /shanghai/kits/day-3.json | /shanghai/kits/day-3.md | /shanghai/kits/day-4.json | /shanghai/kits/day-4.md | /shanghai/kits/day-5.json | /shanghai/kits/day-5.md | /shanghai/kits/day-6.json | /shanghai/kits/day-6.md | /shanghai/kits/day-7.json | /shanghai/kits/day-7.md","no installed image or video | render finished carousel, Pinterest, thumbnail, and vertical-video visual files"
"/shanghai/sources","shanghai","source desk","intentional typography/document-led candidate; source-specific preview still required","source-specific document preview or evidence typography; avoid decorative photography","","","/shanghai/data/claims.json | /shanghai/data/sources.json","no installed image or video"
"/shanghai/day/01-schedule-interface","shanghai","evidence day","gap","day-specific image or document; evidence graphic when it explains the system better","","","","no installed image or video | assign one literal image, authorized film, document preview, or purpose-built evidence graphic"
"/shanghai/day/02-factory-city-stage","shanghai","evidence day","gap","day-specific image or document; evidence graphic when it explains the system better","","","","no installed image or video | assign one literal image, authorized film, document preview, or purpose-built evidence graphic"
"/shanghai/day/03-social-image-loop","shanghai","evidence day","gap","day-specific image or document; evidence graphic when it explains the system better","","","","no installed image or video | assign one literal image, authorized film, document preview, or purpose-built evidence graphic"
"/shanghai/day/04-cloud-runway","shanghai","evidence day","gap","day-specific image or document; evidence graphic when it explains the system better","","","","no installed image or video | assign one literal image, authorized film, document preview, or purpose-built evidence graphic"
"/shanghai/day/05-order-city","shanghai","evidence day","gap","day-specific image or document; evidence graphic when it explains the system better","","","","no installed image or video | assign one literal image, authorized film, document preview, or purpose-built evidence graphic"
"/shanghai/day/06-product-identity","shanghai","evidence day","gap","day-specific image or document; evidence graphic when it explains the system better","","","","no installed image or video | assign one literal image, authorized film, document preview, or purpose-built evidence graphic"
"/shanghai/day/07-distributed-memory","shanghai","evidence day","gap","day-specific image or document; evidence graphic when it explains the system better","","","","no installed image or video | assign one literal image, authorized film, document preview, or purpose-built evidence graphic"
"/copenhagen","copenhagen","index / editorial utility","partial — installed media present; uniqueness/relevance review required","editorial typography with a route-specific documentary or evidence anchor","/assets/media/copenhagen-fashion-week.jpg","","",""
"/copenhagen/days","copenhagen","index / editorial utility","gap","editorial typography with a route-specific documentary or evidence anchor","","","","no installed image or video"
"/copenhagen/objects","copenhagen","object desk","gap","documentary object image/video/document preview","","","","no installed image or video"
"/copenhagen/kits","copenhagen","production desk","gap","finished platform-output contact sheet + downloadable assets","","","/copenhagen/kits/day-1.json | /copenhagen/kits/day-1.md | /copenhagen/kits/day-2.json | /copenhagen/kits/day-2.md | /copenhagen/kits/day-3.json | /copenhagen/kits/day-3.md | /copenhagen/kits/day-4.json | /copenhagen/kits/day-4.md | /copenhagen/kits/day-5.json | /copenhagen/kits/day-5.md | /copenhagen/kits/day-6.json | /copenhagen/kits/day-6.md | /copenhagen/kits/day-7.json | /copenhagen/kits/day-7.md","no installed image or video | render finished carousel, Pinterest, thumbnail, and vertical-video visual files"
"/copenhagen/sources","copenhagen","source desk","intentional typography/document-led candidate; source-specific preview still required","source-specific document preview or evidence typography; avoid decorative photography","","","/copenhagen/data/claims.json | /copenhagen/data/sources.json","no installed image or video"
"/copenhagen/day/01-proof-of-entry","copenhagen","evidence day","gap","day-specific image or document; evidence graphic when it explains the system better","","","","no installed image or video | assign one literal image, authorized film, document preview, or purpose-built evidence graphic"
"/copenhagen/day/02-time-and-access","copenhagen","evidence day","gap","day-specific image or document; evidence graphic when it explains the system better","","","","no installed image or video | assign one literal image, authorized film, document preview, or purpose-built evidence graphic"
"/copenhagen/day/03-temporary-material-city","copenhagen","evidence day","gap","day-specific image or document; evidence graphic when it explains the system better","","","","no installed image or video | assign one literal image, authorized film, document preview, or purpose-built evidence graphic"
"/copenhagen/day/04-rights-in-the-room","copenhagen","evidence day","gap","day-specific image or document; evidence graphic when it explains the system better","","","","no installed image or video | assign one literal image, authorized film, document preview, or purpose-built evidence graphic"
"/copenhagen/day/05-screening-machine","copenhagen","evidence day","gap","day-specific image or document; evidence graphic when it explains the system better","","","","no installed image or video | assign one literal image, authorized film, document preview, or purpose-built evidence graphic"
"/copenhagen/day/06-passport-layer","copenhagen","evidence day","gap","day-specific image or document; evidence graphic when it explains the system better","","","","no installed image or video | assign one literal image, authorized film, document preview, or purpose-built evidence graphic"
"/copenhagen/day/07-memory-as-proof","copenhagen","evidence day","gap","day-specific image or document; evidence graphic when it explains the system better","","","","no installed image or video | assign one literal image, authorized film, document preview, or purpose-built evidence graphic"
"/tokyo","tokyo","index / editorial utility","partial — installed media present; uniqueness/relevance review required","editorial typography with a route-specific documentary or evidence anchor","/assets/media/tokyo-fashion-week.jpg","","",""
"/tokyo/days","tokyo","index / editorial utility","gap","editorial typography with a route-specific documentary or evidence anchor","","","","no installed image or video"
"/tokyo/objects","tokyo","object desk","gap","documentary object image/video/document preview","","","","no installed image or video"
"/tokyo/kits","tokyo","production desk","gap","finished platform-output contact sheet + downloadable assets","","","/tokyo/kits/day-1.json | /tokyo/kits/day-1.md | /tokyo/kits/day-2.json | /tokyo/kits/day-2.md | /tokyo/kits/day-3.json | /tokyo/kits/day-3.md | /tokyo/kits/day-4.json | /tokyo/kits/day-4.md | /tokyo/kits/day-5.json | /tokyo/kits/day-5.md | /tokyo/kits/day-6.json | /tokyo/kits/day-6.md | /tokyo/kits/day-7.json | /tokyo/kits/day-7.md","no installed image or video | render finished carousel, Pinterest, thumbnail, and vertical-video visual files"
"/tokyo/sources","tokyo","source desk","intentional typography/document-led candidate; source-specific preview still required","source-specific document preview or evidence typography; avoid decorative photography","","","/tokyo/data/claims.json | /tokyo/data/sources.json","no installed image or video"
"/tokyo/day/01-calendar-gate","tokyo","evidence day","gap","day-specific image or document; evidence graphic when it explains the system better","","","","no installed image or video | assign one literal image, authorized film, document preview, or purpose-built evidence graphic"
"/tokyo/day/02-shibuya-network","tokyo","evidence day","gap","day-specific image or document; evidence graphic when it explains the system better","","","","no installed image or video | assign one literal image, authorized film, document preview, or purpose-built evidence graphic"
"/tokyo/day/03-streaming-stage","tokyo","evidence day","gap","day-specific image or document; evidence graphic when it explains the system better","","","","no installed image or video | assign one literal image, authorized film, document preview, or purpose-built evidence graphic"
"/tokyo/day/04-bilingual-interface","tokyo","evidence day","gap","day-specific image or document; evidence graphic when it explains the system better","","","","no installed image or video | assign one literal image, authorized film, document preview, or purpose-built evidence graphic"
"/tokyo/day/05-textile-upstream","tokyo","evidence day","gap","day-specific image or document; evidence graphic when it explains the system better","","","","no installed image or video | assign one literal image, authorized film, document preview, or purpose-built evidence graphic"
"/tokyo/day/06-award-machine","tokyo","evidence day","gap","day-specific image or document; evidence graphic when it explains the system better","","","","no installed image or video | assign one literal image, authorized film, document preview, or purpose-built evidence graphic"
"/tokyo/day/07-seasonal-memory","tokyo","evidence day","gap","day-specific image or document; evidence graphic when it explains the system better","","","","no installed image or video | assign one literal image, authorized film, document preview, or purpose-built evidence graphic"
"/publication/day-1","london","publication exhibition","partial — repeated city witness plus unique evidence graphic","image + evidence graphic; add day-specific film/document when evidentiary","/assets/media/london-fashion-week.jpg | /assets/evidence/london-day-1.svg","","/asset-kits/day-1.json | /asset-kits/day-1.md | /assets/evidence/london-day-1.svg | /kits/day-1.md | /kits/day-1.json | /kits/day-1.md | /kits/day-1.json","unique day-specific documentary image/video/document not installed | finished raster/social exports not installed"
"/publication/day-2","london","publication exhibition","partial — repeated city witness plus unique evidence graphic","image + evidence graphic; add day-specific film/document when evidentiary","/assets/media/london-fashion-week.jpg | /assets/evidence/london-day-2.svg","","/asset-kits/day-2.json | /asset-kits/day-2.md | /assets/evidence/london-day-2.svg | /kits/day-2.md | /kits/day-2.json | /kits/day-2.md | /kits/day-2.json","unique day-specific documentary image/video/document not installed | finished raster/social exports not installed"
"/publication/day-3","london","publication exhibition","partial — repeated city witness plus unique evidence graphic","image + evidence graphic; add day-specific film/document when evidentiary","/assets/media/london-fashion-week.jpg | /assets/evidence/london-day-3.svg","","/asset-kits/day-3.json | /asset-kits/day-3.md | /assets/evidence/london-day-3.svg | /kits/day-3.md | /kits/day-3.json | /kits/day-3.md | /kits/day-3.json","unique day-specific documentary image/video/document not installed | finished raster/social exports not installed"
"/publication/day-4","london","publication exhibition","partial — repeated city witness plus unique evidence graphic","image + evidence graphic; add day-specific film/document when evidentiary","/assets/media/london-fashion-week.jpg | /assets/evidence/london-day-4.svg","","/asset-kits/day-4.json | /asset-kits/day-4.md | /assets/evidence/london-day-4.svg | /kits/day-4.md | /kits/day-4.json | /kits/day-4.md | /kits/day-4.json","unique day-specific documentary image/video/document not installed | finished raster/social exports not installed"
"/publication/day-5","london","publication exhibition","partial — repeated city witness plus unique evidence graphic","image + evidence graphic; add day-specific film/document when evidentiary","/assets/media/london-fashion-week.jpg | /assets/evidence/london-day-5.svg","","/asset-kits/day-5.json | /asset-kits/day-5.md | /assets/evidence/london-day-5.svg | /kits/day-5.md | /kits/day-5.json | /kits/day-5.md | /kits/day-5.json","unique day-specific documentary image/video/document not installed | finished raster/social exports not installed"
"/publication/day-6","london","publication exhibition","partial — repeated city witness plus unique evidence graphic","image + evidence graphic; add day-specific film/document when evidentiary","/assets/media/london-fashion-week.jpg | /assets/evidence/london-day-6.svg","","https://www.britishfashioncouncil.co.uk/uploads/files/1/LFW%20Web%20Development%20ITT%20July%202021%20v2.pdf | /asset-kits/day-6.json | /asset-kits/day-6.md | /assets/evidence/london-day-6.svg | /kits/day-6.md | /kits/day-6.json | /kits/day-6.md | /kits/day-6.json","unique day-specific documentary image/video/document not installed | finished raster/social exports not installed"
"/publication/day-7","london","publication exhibition","partial — repeated city witness plus unique evidence graphic","image + evidence graphic; add day-specific film/document when evidentiary","/assets/media/london-fashion-week.jpg | /assets/evidence/london-day-7.svg","","/asset-kits/day-7.json | /asset-kits/day-7.md | /assets/evidence/london-day-7.svg | /kits/day-7.md | /kits/day-7.json | /kits/day-7.md | /kits/day-7.json","unique day-specific documentary image/video/document not installed | finished raster/social exports not installed"
"/publication","london","index / editorial utility","partial — installed media present; uniqueness/relevance review required","editorial typography with a route-specific documentary or evidence anchor","/assets/media/london-fashion-week.jpg","","",""
"/new-york/publication/day-1","new-york","publication exhibition","partial — repeated city witness plus unique evidence graphic","image + evidence graphic; add day-specific film/document when evidentiary","/assets/media/nyc-fashion-week.jpg | /assets/evidence/new-york-day-1.svg","","/new-york/asset-kits/day-1.json | /new-york/asset-kits/day-1.md | /assets/evidence/new-york-day-1.svg | /new-york/kits/day-1.md | /new-york/kits/day-1.json | /new-york/kits/day-1.md | /new-york/kits/day-1.json","unique day-specific documentary image/video/document not installed | finished raster/social exports not installed"
"/new-york/publication/day-2","new-york","publication exhibition","partial — repeated city witness plus unique evidence graphic","image + evidence graphic; add day-specific film/document when evidentiary","/assets/media/nyc-fashion-week.jpg | /assets/evidence/new-york-day-2.svg","","/new-york/asset-kits/day-2.json | /new-york/asset-kits/day-2.md | /assets/evidence/new-york-day-2.svg | /new-york/kits/day-2.md | /new-york/kits/day-2.json | /new-york/kits/day-2.md | /new-york/kits/day-2.json","unique day-specific documentary image/video/document not installed | finished raster/social exports not installed"
"/new-york/publication/day-3","new-york","publication exhibition","partial — repeated city witness plus unique evidence graphic","image + evidence graphic; add day-specific film/document when evidentiary","/assets/media/nyc-fashion-week.jpg | /assets/evidence/new-york-day-3.svg","","/new-york/asset-kits/day-3.json | /new-york/asset-kits/day-3.md | /assets/evidence/new-york-day-3.svg | /new-york/kits/day-3.md | /new-york/kits/day-3.json | /new-york/kits/day-3.md | /new-york/kits/day-3.json","unique day-specific documentary image/video/document not installed | finished raster/social exports not installed"
"/new-york/publication/day-4","new-york","publication exhibition","partial — repeated city witness plus unique evidence graphic","image + evidence graphic; add day-specific film/document when evidentiary","/assets/media/nyc-fashion-week.jpg | /assets/evidence/new-york-day-4.svg","","/new-york/asset-kits/day-4.json | /new-york/asset-kits/day-4.md | /assets/evidence/new-york-day-4.svg | /new-york/kits/day-4.md | /new-york/kits/day-4.json | /new-york/kits/day-4.md | /new-york/kits/day-4.json","unique day-specific documentary image/video/document not installed | finished raster/social exports not installed"
"/new-york/publication/day-5","new-york","publication exhibition","partial — repeated city witness plus unique evidence graphic","image + evidence graphic; add day-specific film/document when evidentiary","/assets/media/nyc-fashion-week.jpg | /assets/evidence/new-york-day-5.svg","","/new-york/asset-kits/day-5.json | /new-york/asset-kits/day-5.md | /assets/evidence/new-york-day-5.svg | /new-york/kits/day-5.md | /new-york/kits/day-5.json | /new-york/kits/day-5.md | /new-york/kits/day-5.json","unique day-specific documentary image/video/document not installed | finished raster/social exports not installed"
"/new-york/publication/day-6","new-york","publication exhibition","partial — repeated city witness plus unique evidence graphic","image + evidence graphic; add day-specific film/document when evidentiary","/assets/media/nyc-fashion-week.jpg | /assets/evidence/new-york-day-6.svg","","/new-york/asset-kits/day-6.json | /new-york/asset-kits/day-6.md | /assets/evidence/new-york-day-6.svg | /new-york/kits/day-6.md | /new-york/kits/day-6.json | /new-york/kits/day-6.md | /new-york/kits/day-6.json","unique day-specific documentary image/video/document not installed | finished raster/social exports not installed"
"/new-york/publication/day-7","new-york","publication exhibition","partial — repeated city witness plus unique evidence graphic","image + evidence graphic; add day-specific film/document when evidentiary","/assets/media/nyc-fashion-week.jpg | /assets/evidence/new-york-day-7.svg","","/new-york/asset-kits/day-7.json | /new-york/asset-kits/day-7.md | /assets/evidence/new-york-day-7.svg | /new-york/kits/day-7.md | /new-york/kits/day-7.json | /new-york/kits/day-7.md | /new-york/kits/day-7.json","unique day-specific documentary image/video/document not installed | finished raster/social exports not installed"
"/new-york/publication","new-york","index / editorial utility","partial — installed media present; uniqueness/relevance review required","editorial typography with a route-specific documentary or evidence anchor","/assets/media/nyc-fashion-week.jpg","","",""
"/milan/publication/day-1","milan","publication exhibition","partial — repeated city witness plus unique evidence graphic","image + evidence graphic; add day-specific film/document when evidentiary","/assets/media/milan-fashion-week.jpg | /assets/evidence/milan-day-1.svg","","/milan/asset-kits/day-1.json | /milan/asset-kits/day-1.md | /assets/evidence/milan-day-1.svg | /milan/kits/day-1.md | /milan/kits/day-1.json | /milan/kits/day-1.md | /milan/kits/day-1.json","unique day-specific documentary image/video/document not installed | finished raster/social exports not installed"
"/milan/publication/day-2","milan","publication exhibition","partial — repeated city witness plus unique evidence graphic","image + evidence graphic; add day-specific film/document when evidentiary","/assets/media/milan-fashion-week.jpg | /assets/evidence/milan-day-2.svg","","/milan/asset-kits/day-2.json | /milan/asset-kits/day-2.md | /assets/evidence/milan-day-2.svg | /milan/kits/day-2.md | /milan/kits/day-2.json | /milan/kits/day-2.md | /milan/kits/day-2.json","unique day-specific documentary image/video/document not installed | finished raster/social exports not installed"
"/milan/publication/day-3","milan","publication exhibition","partial — repeated city witness plus unique evidence graphic","image + evidence graphic; add day-specific film/document when evidentiary","/assets/media/milan-fashion-week.jpg | /assets/evidence/milan-day-3.svg","","/milan/asset-kits/day-3.json | /milan/asset-kits/day-3.md | /assets/evidence/milan-day-3.svg | /milan/kits/day-3.md | /milan/kits/day-3.json | /milan/kits/day-3.md | /milan/kits/day-3.json","unique day-specific documentary image/video/document not installed | finished raster/social exports not installed"
"/milan/publication/day-4","milan","publication exhibition","partial — repeated city witness plus unique evidence graphic","image + evidence graphic; add day-specific film/document when evidentiary","/assets/media/milan-fashion-week.jpg | /assets/evidence/milan-day-4.svg","","/milan/asset-kits/day-4.json | /milan/asset-kits/day-4.md | /assets/evidence/milan-day-4.svg | /milan/kits/day-4.md | /milan/kits/day-4.json | /milan/kits/day-4.md | /milan/kits/day-4.json","unique day-specific documentary image/video/document not installed | finished raster/social exports not installed"
"/milan/publication/day-5","milan","publication exhibition","partial — repeated city witness plus unique evidence graphic","image + evidence graphic; add day-specific film/document when evidentiary","/assets/media/milan-fashion-week.jpg | /assets/evidence/milan-day-5.svg","","/milan/asset-kits/day-5.json | /milan/asset-kits/day-5.md | /assets/evidence/milan-day-5.svg | /milan/kits/day-5.md | /milan/kits/day-5.json | /milan/kits/day-5.md | /milan/kits/day-5.json","unique day-specific documentary image/video/document not installed | finished raster/social exports not installed"
"/milan/publication/day-6","milan","publication exhibition","partial — repeated city witness plus unique evidence graphic","image + evidence graphic; add day-specific film/document when evidentiary","/assets/media/milan-fashion-week.jpg | /assets/evidence/milan-day-6.svg","","/milan/asset-kits/day-6.json | /milan/asset-kits/day-6.md | /assets/evidence/milan-day-6.svg | /milan/kits/day-6.md | /milan/kits/day-6.json | /milan/kits/day-6.md | /milan/kits/day-6.json","unique day-specific documentary image/video/document not installed | finished raster/social exports not installed"
"/milan/publication/day-7","milan","publication exhibition","partial — repeated city witness plus unique evidence graphic","image + evidence graphic; add day-specific film/document when evidentiary","/assets/media/milan-fashion-week.jpg | /assets/evidence/milan-day-7.svg","","/milan/asset-kits/day-7.json | /milan/asset-kits/day-7.md | /assets/evidence/milan-day-7.svg | /milan/kits/day-7.md | /milan/kits/day-7.json | /milan/kits/day-7.md | /milan/kits/day-7.json","unique day-specific documentary image/video/document not installed | finished raster/social exports not installed"
"/milan/publication","milan","index / editorial utility","partial — installed media present; uniqueness/relevance review required","editorial typography with a route-specific documentary or evidence anchor","/assets/media/milan-fashion-week.jpg","","",""
"/paris/publication/day-1","paris","publication exhibition","partial — repeated city witness plus unique evidence graphic","image + evidence graphic; add day-specific film/document when evidentiary","/assets/media/paris-fashion-week.jpg | /assets/evidence/paris-day-1.svg","","/paris/asset-kits/day-1.json | /paris/asset-kits/day-1.md | /assets/evidence/paris-day-1.svg | /paris/kits/day-1.md | /paris/kits/day-1.json | /paris/kits/day-1.md | /paris/kits/day-1.json","unique day-specific documentary image/video/document not installed | finished raster/social exports not installed"
"/paris/publication/day-2","paris","publication exhibition","partial — repeated city witness plus unique evidence graphic","image + evidence graphic; add day-specific film/document when evidentiary","/assets/media/paris-fashion-week.jpg | /assets/evidence/paris-day-2.svg","","/paris/asset-kits/day-2.json | /paris/asset-kits/day-2.md | /assets/evidence/paris-day-2.svg | /paris/kits/day-2.md | /paris/kits/day-2.json | /paris/kits/day-2.md | /paris/kits/day-2.json","unique day-specific documentary image/video/document not installed | finished raster/social exports not installed"
"/paris/publication/day-3","paris","publication exhibition","partial — repeated city witness plus unique evidence graphic","image + evidence graphic; add day-specific film/document when evidentiary","/assets/media/paris-fashion-week.jpg | /assets/evidence/paris-day-3.svg","","/paris/asset-kits/day-3.json | /paris/asset-kits/day-3.md | /assets/evidence/paris-day-3.svg | /paris/kits/day-3.md | /paris/kits/day-3.json | /paris/kits/day-3.md | /paris/kits/day-3.json","unique day-specific documentary image/video/document not installed | finished raster/social exports not installed"
"/paris/publication/day-4","paris","publication exhibition","partial — repeated city witness plus unique evidence graphic","image + evidence graphic; add day-specific film/document when evidentiary","/assets/media/paris-fashion-week.jpg | /assets/evidence/paris-day-4.svg","","/paris/asset-kits/day-4.json | /paris/asset-kits/day-4.md | /assets/evidence/paris-day-4.svg | /paris/kits/day-4.md | /paris/kits/day-4.json | /paris/kits/day-4.md | /paris/kits/day-4.json","unique day-specific documentary image/video/document not installed | finished raster/social exports not installed"
"/paris/publication/day-5","paris","publication exhibition","partial — repeated city witness plus unique evidence graphic","image + evidence graphic; add day-specific film/document when evidentiary","/assets/media/paris-fashion-week.jpg | /assets/evidence/paris-day-5.svg","","/paris/asset-kits/day-5.json | /paris/asset-kits/day-5.md | /assets/evidence/paris-day-5.svg | /paris/kits/day-5.md | /paris/kits/day-5.json | /paris/kits/day-5.md | /paris/kits/day-5.json","unique day-specific documentary image/video/document not installed | finished raster/social exports not installed"
"/paris/publication/day-6","paris","publication exhibition","partial — repeated city witness plus unique evidence graphic","image + evidence graphic; add day-specific film/document when evidentiary","/assets/media/paris-fashion-week.jpg | /assets/evidence/paris-day-6.svg","","/paris/asset-kits/day-6.json | /paris/asset-kits/day-6.md | /assets/evidence/paris-day-6.svg | /paris/kits/day-6.md | /paris/kits/day-6.json | /paris/kits/day-6.md | /paris/kits/day-6.json","unique day-specific documentary image/video/document not installed | finished raster/social exports not installed"
"/paris/publication/day-7","paris","publication exhibition","partial — repeated city witness plus unique evidence graphic","image + evidence graphic; add day-specific film/document when evidentiary","/assets/media/paris-fashion-week.jpg | /assets/evidence/paris-day-7.svg","","/paris/asset-kits/day-7.json | /paris/asset-kits/day-7.md | /assets/evidence/paris-day-7.svg | /paris/kits/day-7.md | /paris/kits/day-7.json | /paris/kits/day-7.md | /paris/kits/day-7.json","unique day-specific documentary image/video/document not installed | finished raster/social exports not installed"
"/paris/publication","paris","index / editorial utility","partial — installed media present; uniqueness/relevance review required","editorial typography with a route-specific documentary or evidence anchor","/assets/media/paris-fashion-week.jpg","","",""
"/shanghai/publication/day-1","shanghai","publication exhibition","partial — repeated city witness plus unique evidence graphic","image + evidence graphic; add day-specific film/document when evidentiary","/assets/media/shanghai-fashion-week.jpg | /assets/evidence/shanghai-day-1.svg","","/shanghai/asset-kits/day-1.json | /shanghai/asset-kits/day-1.md | /assets/evidence/shanghai-day-1.svg | /shanghai/kits/day-1.md | /shanghai/kits/day-1.json | /shanghai/kits/day-1.md | /shanghai/kits/day-1.json","unique day-specific documentary image/video/document not installed | finished raster/social exports not installed"
"/shanghai/publication/day-2","shanghai","publication exhibition","partial — repeated city witness plus unique evidence graphic","image + evidence graphic; add day-specific film/document when evidentiary","/assets/media/shanghai-fashion-week.jpg | /assets/evidence/shanghai-day-2.svg","","/shanghai/asset-kits/day-2.json | /shanghai/asset-kits/day-2.md | /assets/evidence/shanghai-day-2.svg | /shanghai/kits/day-2.md | /shanghai/kits/day-2.json | /shanghai/kits/day-2.md | /shanghai/kits/day-2.json","unique day-specific documentary image/video/document not installed | finished raster/social exports not installed"
"/shanghai/publication/day-3","shanghai","publication exhibition","partial — repeated city witness plus unique evidence graphic","image + evidence graphic; add day-specific film/document when evidentiary","/assets/media/shanghai-fashion-week.jpg | /assets/evidence/shanghai-day-3.svg","","/shanghai/asset-kits/day-3.json | /shanghai/asset-kits/day-3.md | /assets/evidence/shanghai-day-3.svg | /shanghai/kits/day-3.md | /shanghai/kits/day-3.json | /shanghai/kits/day-3.md | /shanghai/kits/day-3.json","unique day-specific documentary image/video/document not installed | finished raster/social exports not installed"
"/shanghai/publication/day-4","shanghai","publication exhibition","partial — repeated city witness plus unique evidence graphic","image + evidence graphic; add day-specific film/document when evidentiary","/assets/media/shanghai-fashion-week.jpg | /assets/evidence/shanghai-day-4.svg","","/shanghai/asset-kits/day-4.json | /shanghai/asset-kits/day-4.md | /assets/evidence/shanghai-day-4.svg | /shanghai/kits/day-4.md | /shanghai/kits/day-4.json | /shanghai/kits/day-4.md | /shanghai/kits/day-4.json","unique day-specific documentary image/video/document not installed | finished raster/social exports not installed"
"/shanghai/publication/day-5","shanghai","publication exhibition","partial — repeated city witness plus unique evidence graphic","image + evidence graphic; add day-specific film/document when evidentiary","/assets/media/shanghai-fashion-week.jpg | /assets/evidence/shanghai-day-5.svg","","/shanghai/asset-kits/day-5.json | /shanghai/asset-kits/day-5.md | /assets/evidence/shanghai-day-5.svg | /shanghai/kits/day-5.md | /shanghai/kits/day-5.json | /shanghai/kits/day-5.md | /shanghai/kits/day-5.json","unique day-specific documentary image/video/document not installed | finished raster/social exports not installed"
"/shanghai/publication/day-6","shanghai","publication exhibition","partial — repeated city witness plus unique evidence graphic","image + evidence graphic; add day-specific film/document when evidentiary","/assets/media/shanghai-fashion-week.jpg | /assets/evidence/shanghai-day-6.svg","","/shanghai/asset-kits/day-6.json | /shanghai/asset-kits/day-6.md | /assets/evidence/shanghai-day-6.svg | /shanghai/kits/day-6.md | /shanghai/kits/day-6.json | /shanghai/kits/day-6.md | /shanghai/kits/day-6.json","unique day-specific documentary image/video/document not installed | finished raster/social exports not installed"
"/shanghai/publication/day-7","shanghai","publication exhibition","partial — repeated city witness plus unique evidence graphic","image + evidence graphic; add day-specific film/document when evidentiary","/assets/media/shanghai-fashion-week.jpg | /assets/evidence/shanghai-day-7.svg","","/shanghai/asset-kits/day-7.json | /shanghai/asset-kits/day-7.md | /assets/evidence/shanghai-day-7.svg | /shanghai/kits/day-7.md | /shanghai/kits/day-7.json | /shanghai/kits/day-7.md | /shanghai/kits/day-7.json","unique day-specific documentary image/video/document not installed | finished raster/social exports not installed"
"/shanghai/publication","shanghai","index / editorial utility","partial — installed media present; uniqueness/relevance review required","editorial typography with a route-specific documentary or evidence anchor","/assets/media/shanghai-fashion-week.jpg","","",""
"/copenhagen/publication/day-1","copenhagen","publication exhibition","partial — repeated city witness plus unique evidence graphic","image + evidence graphic; add day-specific film/document when evidentiary","/assets/media/copenhagen-fashion-week.jpg | /assets/evidence/copenhagen-day-1.svg","","/copenhagen/asset-kits/day-1.json | /copenhagen/asset-kits/day-1.md | /assets/evidence/copenhagen-day-1.svg | /copenhagen/kits/day-1.md | /copenhagen/kits/day-1.json | /copenhagen/kits/day-1.md | /copenhagen/kits/day-1.json","unique day-specific documentary image/video/document not installed | finished raster/social exports not installed"
"/copenhagen/publication/day-2","copenhagen","publication exhibition","partial — repeated city witness plus unique evidence graphic","image + evidence graphic; add day-specific film/document when evidentiary","/assets/media/copenhagen-fashion-week.jpg | /assets/evidence/copenhagen-day-2.svg","","/copenhagen/asset-kits/day-2.json | /copenhagen/asset-kits/day-2.md | /assets/evidence/copenhagen-day-2.svg | /copenhagen/kits/day-2.md | /copenhagen/kits/day-2.json | /copenhagen/kits/day-2.md | /copenhagen/kits/day-2.json","unique day-specific documentary image/video/document not installed | finished raster/social exports not installed"
"/copenhagen/publication/day-3","copenhagen","publication exhibition","partial — repeated city witness plus unique evidence graphic","image + evidence graphic; add day-specific film/document when evidentiary","/assets/media/copenhagen-fashion-week.jpg | /assets/evidence/copenhagen-day-3.svg","","/copenhagen/asset-kits/day-3.json | /copenhagen/asset-kits/day-3.md | /assets/evidence/copenhagen-day-3.svg | /copenhagen/kits/day-3.md | /copenhagen/kits/day-3.json | /copenhagen/kits/day-3.md | /copenhagen/kits/day-3.json","unique day-specific documentary image/video/document not installed | finished raster/social exports not installed"
"/copenhagen/publication/day-4","copenhagen","publication exhibition","partial — repeated city witness plus unique evidence graphic","image + evidence graphic; add day-specific film/document when evidentiary","/assets/media/copenhagen-fashion-week.jpg | /assets/evidence/copenhagen-day-4.svg","","/copenhagen/asset-kits/day-4.json | /copenhagen/asset-kits/day-4.md | /assets/evidence/copenhagen-day-4.svg | /copenhagen/kits/day-4.md | /copenhagen/kits/day-4.json | /copenhagen/kits/day-4.md | /copenhagen/kits/day-4.json","unique day-specific documentary image/video/document not installed | finished raster/social exports not installed"
"/copenhagen/publication/day-5","copenhagen","publication exhibition","partial — repeated city witness plus unique evidence graphic","image + evidence graphic; add day-specific film/document when evidentiary","/assets/media/copenhagen-fashion-week.jpg | /assets/evidence/copenhagen-day-5.svg","","/copenhagen/asset-kits/day-5.json | /copenhagen/asset-kits/day-5.md | /assets/evidence/copenhagen-day-5.svg | /copenhagen/kits/day-5.md | /copenhagen/kits/day-5.json | /copenhagen/kits/day-5.md | /copenhagen/kits/day-5.json","unique day-specific documentary image/video/document not installed | finished raster/social exports not installed"
"/copenhagen/publication/day-6","copenhagen","publication exhibition","partial — repeated city witness plus unique evidence graphic","image + evidence graphic; add day-specific film/document when evidentiary","/assets/media/copenhagen-fashion-week.jpg | /assets/evidence/copenhagen-day-6.svg","","/copenhagen/asset-kits/day-6.json | /copenhagen/asset-kits/day-6.md | /assets/evidence/copenhagen-day-6.svg | /copenhagen/kits/day-6.md | /copenhagen/kits/day-6.json | /copenhagen/kits/day-6.md | /copenhagen/kits/day-6.json","unique day-specific documentary image/video/document not installed | finished raster/social exports not installed"
"/copenhagen/publication/day-7","copenhagen","publication exhibition","partial — repeated city witness plus unique evidence graphic","image + evidence graphic; add day-specific film/document when evidentiary","/assets/media/copenhagen-fashion-week.jpg | /assets/evidence/copenhagen-day-7.svg","","/copenhagen/asset-kits/day-7.json | /copenhagen/asset-kits/day-7.md | /assets/evidence/copenhagen-day-7.svg | /copenhagen/kits/day-7.md | /copenhagen/kits/day-7.json | /copenhagen/kits/day-7.md | /copenhagen/kits/day-7.json","unique day-specific documentary image/video/document not installed | finished raster/social exports not installed"
"/copenhagen/publication","copenhagen","index / editorial utility","partial — installed media present; uniqueness/relevance review required","editorial typography with a route-specific documentary or evidence anchor","/assets/media/copenhagen-fashion-week.jpg","","",""
"/tokyo/publication/day-1","tokyo","publication exhibition","partial — repeated city witness plus unique evidence graphic","image + evidence graphic; add day-specific film/document when evidentiary","/assets/media/tokyo-fashion-week.jpg | /assets/evidence/tokyo-day-1.svg","","/tokyo/asset-kits/day-1.json | /tokyo/asset-kits/day-1.md | /assets/evidence/tokyo-day-1.svg | /tokyo/kits/day-1.md | /tokyo/kits/day-1.json | /tokyo/kits/day-1.md | /tokyo/kits/day-1.json","unique day-specific documentary image/video/document not installed | finished raster/social exports not installed"
"/tokyo/publication/day-2","tokyo","publication exhibition","partial — repeated city witness plus unique evidence graphic","image + evidence graphic; add day-specific film/document when evidentiary","/assets/media/tokyo-fashion-week.jpg | /assets/evidence/tokyo-day-2.svg","","/tokyo/asset-kits/day-2.json | /tokyo/asset-kits/day-2.md | /assets/evidence/tokyo-day-2.svg | /tokyo/kits/day-2.md | /tokyo/kits/day-2.json | /tokyo/kits/day-2.md | /tokyo/kits/day-2.json","unique day-specific documentary image/video/document not installed | finished raster/social exports not installed"
"/tokyo/publication/day-3","tokyo","publication exhibition","partial — repeated city witness plus unique evidence graphic","image + evidence graphic; add day-specific film/document when evidentiary","/assets/media/tokyo-fashion-week.jpg | /assets/evidence/tokyo-day-3.svg","","/tokyo/asset-kits/day-3.json | /tokyo/asset-kits/day-3.md | /assets/evidence/tokyo-day-3.svg | /tokyo/kits/day-3.md | /tokyo/kits/day-3.json | /tokyo/kits/day-3.md | /tokyo/kits/day-3.json","unique day-specific documentary image/video/document not installed | finished raster/social exports not installed"
"/tokyo/publication/day-4","tokyo","publication exhibition","partial — repeated city witness plus unique evidence graphic","image + evidence graphic; add day-specific film/document when evidentiary","/assets/media/tokyo-fashion-week.jpg | /assets/evidence/tokyo-day-4.svg","","/tokyo/asset-kits/day-4.json | /tokyo/asset-kits/day-4.md | /assets/evidence/tokyo-day-4.svg | /tokyo/kits/day-4.md | /tokyo/kits/day-4.json | /tokyo/kits/day-4.md | /tokyo/kits/day-4.json","unique day-specific documentary image/video/document not installed | finished raster/social exports not installed"
"/tokyo/publication/day-5","tokyo","publication exhibition","partial — repeated city witness plus unique evidence graphic","image + evidence graphic; add day-specific film/document when evidentiary","/assets/media/tokyo-fashion-week.jpg | /assets/evidence/tokyo-day-5.svg","","/tokyo/asset-kits/day-5.json | /tokyo/asset-kits/day-5.md | /assets/evidence/tokyo-day-5.svg | /tokyo/kits/day-5.md | /tokyo/kits/day-5.json | /tokyo/kits/day-5.md | /tokyo/kits/day-5.json","unique day-specific documentary image/video/document not installed | finished raster/social exports not installed"
"/tokyo/publication/day-6","tokyo","publication exhibition","partial — repeated city witness plus unique evidence graphic","image + evidence graphic; add day-specific film/document when evidentiary","/assets/media/tokyo-fashion-week.jpg | /assets/evidence/tokyo-day-6.svg","","/tokyo/asset-kits/day-6.json | /tokyo/asset-kits/day-6.md | /assets/evidence/tokyo-day-6.svg | /tokyo/kits/day-6.md | /tokyo/kits/day-6.json | /tokyo/kits/day-6.md | /tokyo/kits/day-6.json","unique day-specific documentary image/video/document not installed | finished raster/social exports not installed"
"/tokyo/publication/day-7","tokyo","publication exhibition","partial — repeated city witness plus unique evidence graphic","image + evidence graphic; add day-specific film/document when evidentiary","/assets/media/tokyo-fashion-week.jpg | /assets/evidence/tokyo-day-7.svg","","/tokyo/asset-kits/day-7.json | /tokyo/asset-kits/day-7.md | /assets/evidence/tokyo-day-7.svg | /tokyo/kits/day-7.md | /tokyo/kits/day-7.json | /tokyo/kits/day-7.md | /tokyo/kits/day-7.json","unique day-specific documentary image/video/document not installed | finished raster/social exports not installed"
"/tokyo/publication","tokyo","index / editorial utility","partial — installed media present; uniqueness/relevance review required","editorial typography with a route-specific documentary or evidence anchor","/assets/media/tokyo-fashion-week.jpg","","",""
"/excavation/london/day-1","london","media excavation","partial — installed media present; uniqueness/relevance review required","source-specific document preview or evidence typography; avoid decorative photography","/assets/media/london-fashion-week.jpg","","https://www.britishfashioncouncil.co.uk/uploads/files/1/LFW%20Web%20Development%20ITT%20July%202021%20v2.pdf | /data/excavation/reports/london-day-1.json | /data/excavation/candidates/london-day-1.json",""
"/excavation/london/day-2","london","media excavation","partial — installed media present; uniqueness/relevance review required","source-specific document preview or evidence typography; avoid decorative photography","/assets/media/london-fashion-week.jpg","","/data/excavation/reports/london-day-2.json | /data/excavation/candidates/london-day-2.json",""
"/excavation/london/day-3","london","media excavation","partial — installed media present; uniqueness/relevance review required","source-specific document preview or evidence typography; avoid decorative photography","/assets/media/london-fashion-week.jpg","","/data/excavation/reports/london-day-3.json | /data/excavation/candidates/london-day-3.json",""
"/excavation/london/day-4","london","media excavation","partial — installed media present; uniqueness/relevance review required","source-specific document preview or evidence typography; avoid decorative photography","/assets/media/london-fashion-week.jpg","","/data/excavation/reports/london-day-4.json | /data/excavation/candidates/london-day-4.json",""
"/excavation/london/day-5","london","media excavation","partial — installed media present; uniqueness/relevance review required","source-specific document preview or evidence typography; avoid decorative photography","/assets/media/london-fashion-week.jpg","","/data/excavation/reports/london-day-5.json | /data/excavation/candidates/london-day-5.json",""
"/excavation/london/day-6","london","media excavation","partial — installed media present; uniqueness/relevance review required","source-specific document preview or evidence typography; avoid decorative photography","/assets/media/london-fashion-week.jpg","","https://www.britishfashioncouncil.co.uk/uploads/files/1/LFW%20Web%20Development%20ITT%20July%202021%20v2.pdf | /data/excavation/reports/london-day-6.json | /data/excavation/candidates/london-day-6.json",""
"/excavation/london/day-7","london","media excavation","partial — installed media present; uniqueness/relevance review required","source-specific document preview or evidence typography; avoid decorative photography","/assets/media/london-fashion-week.jpg","","/data/excavation/reports/london-day-7.json | /data/excavation/candidates/london-day-7.json",""
"/excavation/new-york/day-1","london","media excavation","partial — installed media present; uniqueness/relevance review required","source-specific document preview or evidence typography; avoid decorative photography","/assets/media/nyc-fashion-week.jpg","","/data/excavation/reports/new-york-day-1.json | /data/excavation/candidates/new-york-day-1.json",""
"/excavation/new-york/day-2","london","media excavation","partial — installed media present; uniqueness/relevance review required","source-specific document preview or evidence typography; avoid decorative photography","/assets/media/nyc-fashion-week.jpg","","/data/excavation/reports/new-york-day-2.json | /data/excavation/candidates/new-york-day-2.json",""
"/excavation/new-york/day-3","london","media excavation","partial — installed media present; uniqueness/relevance review required","source-specific document preview or evidence typography; avoid decorative photography","/assets/media/nyc-fashion-week.jpg","","/data/excavation/reports/new-york-day-3.json | /data/excavation/candidates/new-york-day-3.json",""
"/excavation/new-york/day-4","london","media excavation","partial — installed media present; uniqueness/relevance review required","source-specific document preview or evidence typography; avoid decorative photography","/assets/media/nyc-fashion-week.jpg","","/data/excavation/reports/new-york-day-4.json | /data/excavation/candidates/new-york-day-4.json",""
"/excavation/new-york/day-5","london","media excavation","partial — installed media present; uniqueness/relevance review required","source-specific document preview or evidence typography; avoid decorative photography","/assets/media/nyc-fashion-week.jpg","","/data/excavation/reports/new-york-day-5.json | /data/excavation/candidates/new-york-day-5.json",""
"/excavation/new-york/day-6","london","media excavation","partial — installed media present; uniqueness/relevance review required","source-specific document preview or evidence typography; avoid decorative photography","/assets/media/nyc-fashion-week.jpg","","/data/excavation/reports/new-york-day-6.json | /data/excavation/candidates/new-york-day-6.json",""
"/excavation/new-york/day-7","london","media excavation","partial — installed media present; uniqueness/relevance review required","source-specific document preview or evidence typography; avoid decorative photography","/assets/media/nyc-fashion-week.jpg","","/data/excavation/reports/new-york-day-7.json | /data/excavation/candidates/new-york-day-7.json",""
"/excavation/milan/day-1","london","media excavation","partial — installed media present; uniqueness/relevance review required","source-specific document preview or evidence typography; avoid decorative photography","/assets/media/milan-fashion-week.jpg","","/data/excavation/reports/milan-day-1.json | /data/excavation/candidates/milan-day-1.json",""
"/excavation/milan/day-2","london","media excavation","partial — installed media present; uniqueness/relevance review required","source-specific document preview or evidence typography; avoid decorative photography","/assets/media/milan-fashion-week.jpg","","/data/excavation/reports/milan-day-2.json | /data/excavation/candidates/milan-day-2.json",""
"/excavation/milan/day-3","london","media excavation","partial — installed media present; uniqueness/relevance review required","source-specific document preview or evidence typography; avoid decorative photography","/assets/media/milan-fashion-week.jpg","","/data/excavation/reports/milan-day-3.json | /data/excavation/candidates/milan-day-3.json",""
"/excavation/milan/day-4","london","media excavation","partial — installed media present; uniqueness/relevance review required","source-specific document preview or evidence typography; avoid decorative photography","/assets/media/milan-fashion-week.jpg","","/data/excavation/reports/milan-day-4.json | /data/excavation/candidates/milan-day-4.json",""
"/excavation/milan/day-5","london","media excavation","partial — installed media present; uniqueness/relevance review required","source-specific document preview or evidence typography; avoid decorative photography","/assets/media/milan-fashion-week.jpg","","/data/excavation/reports/milan-day-5.json | /data/excavation/candidates/milan-day-5.json",""
"/excavation/milan/day-6","london","media excavation","partial — installed media present; uniqueness/relevance review required","source-specific document preview or evidence typography; avoid decorative photography","/assets/media/milan-fashion-week.jpg","","/data/excavation/reports/milan-day-6.json | /data/excavation/candidates/milan-day-6.json",""
"/excavation/milan/day-7","london","media excavation","partial — installed media present; uniqueness/relevance review required","source-specific document preview or evidence typography; avoid decorative photography","/assets/media/milan-fashion-week.jpg","","https://www.cameramoda.it/media/pdf/manifesto_sostenibilita_en.pdf | /data/excavation/reports/milan-day-7.json | /data/excavation/candidates/milan-day-7.json",""
"/excavation/paris/day-1","london","media excavation","partial — installed media present; uniqueness/relevance review required","source-specific document preview or evidence typography; avoid decorative photography","/assets/media/paris-fashion-week.jpg","","/data/excavation/reports/paris-day-1.json | /data/excavation/candidates/paris-day-1.json",""
"/excavation/paris/day-2","london","media excavation","partial — installed media present; uniqueness/relevance review required","source-specific document preview or evidence typography; avoid decorative photography","/assets/media/paris-fashion-week.jpg","","/data/excavation/reports/paris-day-2.json | /data/excavation/candidates/paris-day-2.json",""
"/excavation/paris/day-3","london","media excavation","partial — installed media present; uniqueness/relevance review required","source-specific document preview or evidence typography; avoid decorative photography","/assets/media/paris-fashion-week.jpg","","/data/excavation/reports/paris-day-3.json | /data/excavation/candidates/paris-day-3.json",""
"/excavation/paris/day-4","london","media excavation","partial — installed media present; uniqueness/relevance review required","source-specific document preview or evidence typography; avoid decorative photography","/assets/media/paris-fashion-week.jpg","","/data/excavation/reports/paris-day-4.json | /data/excavation/candidates/paris-day-4.json",""
"/excavation/paris/day-5","london","media excavation","partial — installed media present; uniqueness/relevance review required","source-specific document preview or evidence typography; avoid decorative photography","/assets/media/paris-fashion-week.jpg","","/data/excavation/reports/paris-day-5.json | /data/excavation/candidates/paris-day-5.json",""
"/excavation/paris/day-6","london","media excavation","partial — installed media present; uniqueness/relevance review required","source-specific document preview or evidence typography; avoid decorative photography","/assets/media/paris-fashion-week.jpg","","/data/excavation/reports/paris-day-6.json | /data/excavation/candidates/paris-day-6.json",""
"/excavation/paris/day-7","london","media excavation","partial — installed media present; uniqueness/relevance review required","source-specific document preview or evidence typography; avoid decorative photography","/assets/media/paris-fashion-week.jpg","","/data/excavation/reports/paris-day-7.json | /data/excavation/candidates/paris-day-7.json",""
"/excavation/shanghai/day-1","london","media excavation","partial — installed media present; uniqueness/relevance review required","source-specific document preview or evidence typography; avoid decorative photography","/assets/media/shanghai-fashion-week.jpg","","/data/excavation/reports/shanghai-day-1.json | /data/excavation/candidates/shanghai-day-1.json",""
"/excavation/shanghai/day-2","london","media excavation","partial — installed media present; uniqueness/relevance review required","source-specific document preview or evidence typography; avoid decorative photography","/assets/media/shanghai-fashion-week.jpg","","/data/excavation/reports/shanghai-day-2.json | /data/excavation/candidates/shanghai-day-2.json",""
"/excavation/shanghai/day-3","london","media excavation","partial — installed media present; uniqueness/relevance review required","source-specific document preview or evidence typography; avoid decorative photography","/assets/media/shanghai-fashion-week.jpg","","/data/excavation/reports/shanghai-day-3.json | /data/excavation/candidates/shanghai-day-3.json",""
"/excavation/shanghai/day-4","london","media excavation","partial — installed media present; uniqueness/relevance review required","source-specific document preview or evidence typography; avoid decorative photography","/assets/media/shanghai-fashion-week.jpg","","/data/excavation/reports/shanghai-day-4.json | /data/excavation/candidates/shanghai-day-4.json",""
"/excavation/shanghai/day-5","london","media excavation","partial — installed media present; uniqueness/relevance review required","source-specific document preview or evidence typography; avoid decorative photography","/assets/media/shanghai-fashion-week.jpg","","/data/excavation/reports/shanghai-day-5.json | /data/excavation/candidates/shanghai-day-5.json",""
"/excavation/shanghai/day-6","london","media excavation","partial — installed media present; uniqueness/relevance review required","source-specific document preview or evidence typography; avoid decorative photography","/assets/media/shanghai-fashion-week.jpg","","/data/excavation/reports/shanghai-day-6.json | /data/excavation/candidates/shanghai-day-6.json",""
"/excavation/shanghai/day-7","london","media excavation","partial — installed media present; uniqueness/relevance review required","source-specific document preview or evidence typography; avoid decorative photography","/assets/media/shanghai-fashion-week.jpg","","/data/excavation/reports/shanghai-day-7.json | /data/excavation/candidates/shanghai-day-7.json",""
"/excavation/copenhagen/day-1","london","media excavation","partial — installed media present; uniqueness/relevance review required","source-specific document preview or evidence typography; avoid decorative photography","/assets/media/copenhagen-fashion-week.jpg","","/data/excavation/reports/copenhagen-day-1.json | /data/excavation/candidates/copenhagen-day-1.json",""
"/excavation/copenhagen/day-2","london","media excavation","partial — installed media present; uniqueness/relevance review required","source-specific document preview or evidence typography; avoid decorative photography","/assets/media/copenhagen-fashion-week.jpg","","/data/excavation/reports/copenhagen-day-2.json | /data/excavation/candidates/copenhagen-day-2.json",""
"/excavation/copenhagen/day-3","london","media excavation","partial — installed media present; uniqueness/relevance review required","source-specific document preview or evidence typography; avoid decorative photography","/assets/media/copenhagen-fashion-week.jpg","","/data/excavation/reports/copenhagen-day-3.json | /data/excavation/candidates/copenhagen-day-3.json",""
"/excavation/copenhagen/day-4","london","media excavation","partial — installed media present; uniqueness/relevance review required","source-specific document preview or evidence typography; avoid decorative photography","/assets/media/copenhagen-fashion-week.jpg","","/data/excavation/reports/copenhagen-day-4.json | /data/excavation/candidates/copenhagen-day-4.json",""
"/excavation/copenhagen/day-5","london","media excavation","partial — installed media present; uniqueness/relevance review required","source-specific document preview or evidence typography; avoid decorative photography","/assets/media/copenhagen-fashion-week.jpg","","/data/excavation/reports/copenhagen-day-5.json | /data/excavation/candidates/copenhagen-day-5.json",""
"/excavation/copenhagen/day-6","london","media excavation","partial — installed media present; uniqueness/relevance review required","source-specific document preview or evidence typography; avoid decorative photography","/assets/media/copenhagen-fashion-week.jpg","","/data/excavation/reports/copenhagen-day-6.json | /data/excavation/candidates/copenhagen-day-6.json",""
"/excavation/copenhagen/day-7","london","media excavation","partial — installed media present; uniqueness/relevance review required","source-specific document preview or evidence typography; avoid decorative photography","/assets/media/copenhagen-fashion-week.jpg","","/data/excavation/reports/copenhagen-day-7.json | /data/excavation/candidates/copenhagen-day-7.json",""
"/excavation/tokyo/day-1","london","media excavation","partial — installed media present; uniqueness/relevance review required","source-specific document preview or evidence typography; avoid decorative photography","/assets/media/tokyo-fashion-week.jpg","","/data/excavation/reports/tokyo-day-1.json | /data/excavation/candidates/tokyo-day-1.json",""
"/excavation/tokyo/day-2","london","media excavation","partial — installed media present; uniqueness/relevance review required","source-specific document preview or evidence typography; avoid decorative photography","/assets/media/tokyo-fashion-week.jpg","","/data/excavation/reports/tokyo-day-2.json | /data/excavation/candidates/tokyo-day-2.json",""
"/excavation/tokyo/day-3","london","media excavation","partial — installed media present; uniqueness/relevance review required","source-specific document preview or evidence typography; avoid decorative photography","/assets/media/tokyo-fashion-week.jpg","","/data/excavation/reports/tokyo-day-3.json | /data/excavation/candidates/tokyo-day-3.json",""
"/excavation/tokyo/day-4","london","media excavation","partial — installed media present; uniqueness/relevance review required","source-specific document preview or evidence typography; avoid decorative photography","/assets/media/tokyo-fashion-week.jpg","","/data/excavation/reports/tokyo-day-4.json | /data/excavation/candidates/tokyo-day-4.json",""
"/excavation/tokyo/day-5","london","media excavation","partial — installed media present; uniqueness/relevance review required","source-specific document preview or evidence typography; avoid decorative photography","/assets/media/tokyo-fashion-week.jpg","","/data/excavation/reports/tokyo-day-5.json | /data/excavation/candidates/tokyo-day-5.json",""
"/excavation/tokyo/day-6","london","media excavation","partial — installed media present; uniqueness/relevance review required","source-specific document preview or evidence typography; avoid decorative photography","/assets/media/tokyo-fashion-week.jpg","","/data/excavation/reports/tokyo-day-6.json | /data/excavation/candidates/tokyo-day-6.json",""
"/excavation/tokyo/day-7","london","media excavation","partial — installed media present; uniqueness/relevance review required","source-specific document preview or evidence typography; avoid decorative photography","/assets/media/tokyo-fashion-week.jpg","","/data/excavation/reports/tokyo-day-7.json | /data/excavation/candidates/tokyo-day-7.json",""
